"street_num","street","owner","parcel_id"
18001,WARWICK,CITY OF NEWPORT NEWS-WATERWORKS,003000201
15061,JEFFERSON,CITY OF NEWPORT NEWS-WATERWORKS,003000301
89,CRAFFORD,CITY OF NEWPORT NEWS,006000113
362,YORKTOWN,CITY OF NEWPORT NEWS,005000134
350,YORKTOWN,ECONOMIC DEVELOPMENT AUTHORITY,005000136
153,CRAFFORD,CITY OF NEWPORT NEWS,006000128
17901,WARWICK,CITY OF NEWPORT NEWS,007000201
17651,WARWICK,CITY OF NEWPORT NEWS,007000205
17645,WARWICK,CITY OF NEWPORT NEWS-WATERWORKS,007000207
17631,WARWICK,CITY OF NEWPORT NEWS-WATERWORKS,007000208
17637,WARWICK,CITY OF NEWPORT NEWS-WATERWORKS,007000209
17627,WARWICK,CITY OF NEWPORT NEWS-WATERWORKS,007000210
17621,WARWICK,CITY OF NEWPORT NEWS-WATERWORKS,007000211
17611,WARWICK,CITY OF NEWPORT NEWS-WATERWORKS,007000212
17641,WARWICK,CITY OF NEWPORT NEWS-WATERWORKS,007000213
165,YORKTOWN,ECONOMIC DEVELOPMENT AUTHORITY OF,008000102
210,YORKTOWN,CITY OF NEWPORT NEWS,008000205
185,YORKTOWN,ECONOMIC DEVELOPMENT AUTHORITY,012000203
170,YORKTOWN,CITY OF NEWPORT NEWS,012000205
163,YORKTOWN,CITY OF NEWPORT NEWS,012000207
13800,JEFFERSON,CITY OF NEWPORT NEWS,013000101
17951,JEFFERSON,CITY OF NEWPORT NEWS-WATERWORKS,016000101
30,CARLETON,CITY OF NEWPORT NEWS,017000133
75,YORKTOWN,ECONOMIC DEVELOPMENT AUTHORITY,017000403
9,ELMHURST,CITY OF NEWPORT NEWS,017000408
100,YORKTOWN,CITY OF NEWPORT NEWS-WATERWORKS,018000111
17346,WARWICK,CITY OF NEWPORT NEWS SCHOOL BOARD,022000202
358,COVINA,CITY OF NEWPORT NEWS,026000206
17300,WARWICK,CITY OF NEWPORT NEWS-WATERWORKS,027000101
161,HARWOOD,CITY OF NEWPORT NEWS,032000101
141,HARWOOD,CITY OF NEWPORT NEWS-WATERWORKS,032000104
276,ENTERPRISE,CITY OF NEWPORT NEWS,033000104
261,ENTERPRISE,INDUSTRIAL DEVELOPMENT AUTHORITY,034000107
13560,JEFFERSON,CITY OF NEWPORT NEWS-WATERWORKS,036000101
806, OLD FORT EUSTIS,CITY OF NEWPORT NEWS,037000109
150,ENTERPRISE,INDUSTRIAL DEVELOPMENT AUTHORITY,040000105
120,ENTERPRISE,INDUSTRIAL DEVELOPMENT AUTHORITY,040000108
161,PICKETTS,CITY OF NEWPORT NEWS,041000101
254,ENTERPRISE,CITY OF NEWPORT NEWS,041000104
212,PICKETTS,CITY OF NEWPORT NEWS,041000105
265,PICKETTS,INDUSTRIAL DEVELOPMENT AUTHORITY,041000115
271,PICKETTS,INDUSTRIAL DEVELOPMENT AUTHORITY,041000116
270,PICKETTS,INDUSTRIAL DEVELOPMENT AUTHORITY,041000117
16894,WARWICK,CITY OF NEWPORT NEWS-WATERWORKS,042000201
16886,WARWICK,CITY OF NEWPORT NEWS,042000203
301, FORT EUSTIS, CITY OF NEWPORT NEWS,042000204
13540,JEFFERSON,CITY OF NEWPORT NEWS-WATERWORKS,044000103
870, OLD FORT EUSTIS,CITY OF NEWPORT NEWS,046000112
13460,WOODSIDE,CITY OF NEWPORT NEWS SCHOOL BOARD,046000113
13450,WOODSIDE,CITY OF NEWPORT NEWS SCHOOL BOARD,046000189
13411,WOODSIDE,CITY OF NEWPORT NEWS SCHOOL BOARD,046000190
892 OLD FORT,EUSTIS,CITY OF NEWPORT NEWS,046000192
950, FORT EUSTIS,CITY OF NEWPORT NEWS,046010101
310,CHARLES,CITY OF NEWPORT NEWS,050000141
501, FORT EUSTIS,CITY OF NEWPORT NEWS-WATERWORKS,051000101
425 INDUSTRIAL,PARK,CITY OF NEWPORT NEWS-WATERWORKS,051000103
521 INDUSTRIAL,PARK,CITY OF NEWPORT NEWS-WATERWORKS,052000101
13236,JEFFERSON,CITY OF NEWPORT NEWS,052000204
500, FORT EUSTIS,CITY OF NEWPORT NEWS-WATERWORKS,052000259
511,RICHNECK,CITY OF NEWPORT NEWS,054000108
491,RICHNECK,CITY OF NEWPORT NEWS,054000112
751,SHIELDS,CITY OF NEWPORT NEWS,054000135
788 INDUSTRIAL,PARK,CITY OF NEWPORT NEWS,054000403
796 INDUSTRIAL,PARK,CITY OF NEWPORT NEWS,054000404
791 INDUSTRIAL,PARK,CITY OF NEWPORT NEWS,054000405
361 RIVERS,RIDGE,CITY OF NEWPORT NEWS,056000202
260 RIVERS,RIDGE,CITY OF NEWPORT NEWS,056000241
280 RIVERS,RIDGE,CITY OF NEWPORT NEWS,056000242
11,RESERVOIR,CITY OF NEWPORT NEWS,057000102
15638,WARWICK,CITY OF NEWPORT NEWS SCHOOL BOARD,057000301
5610,PATRICIA,CITY OF NEWPORT NEWS,057000436
5588,PATRICIA,CITY OF NEWPORT NEWS,057000502
748,SHIELDS,CITY OF NEWPORT NEWS,059000209
756,SHIELDS,CITY OF NEWPORT NEWS,059000211
12998,JEFFERSON,CITY OF NEWPORT NEWS,059000303
13136,JEFFERSON,CITY OF NEWPORT NEWS,059000304
749,SHIELDS,CITY OF NEWPORT NEWS,060000234
472,RICHNECK,CITY OF NEWPORT NEWS,060000409
462,RICHNECK,CITY OF NEWPORT NEWS,060000413
496,RICHNECK,CITY OF NEWPORT NEWS,060000422
494,RICHNECK,CITY OF NEWPORT NEWS,060000423
133,OSPREY,CITY OF NEWPORT NEWS,063000169
13149,JEFFERSON,CITY OF NEWPORT NEWS,064000101
13141,JEFFERSON,CITY OF NEWPORT NEWS,064000105
13999, GREEN GROVE,CITY OF NEWPORT NEWS,065000122
13101, JEFFERSON,CITY OF NEWPORT NEWS,065000126
645 KINGS,RIDGE,CITY OF NEWPORT NEWS,065000216
12996,JEFFERSON,CITY OF NEWPORT NEWS,065000244
12984,JEFFERSON,CITY OF NEWPORT NEWS,065000245
917,SHIELDS,CITY OF NEWPORT NEWS,066000237
296,RICHNECK,CITY OF NEWPORT NEWS,066000313
296,RICHNECK,CITY OF NEWPORT NEWS,066000313
296,RICHNECK,CITY OF NEWPORT NEWS,066000313
916,SHIELDS,CITY OF NEWPORT NEWS,066000326
205,TYNER,CITY OF NEWPORT NEWS SCHOOL BOARD,066000329
277,RICHNECK,CITY OF NEWPORT NEWS,066000443
999,SHIELDS,CITY OF NEWPORT NEWS,067000493
13000,WOODSIDE,CITY OF NEWPORT NEWS,067000692
124,REXFORD,CITY OF NEWPORT NEWS,069000101
15411,WARWICK,ECONOMIC DEVELOPMENT AUTHORITY,070000542
15407,WARWICK,ECONOMIC DEVELOPMENT AUTHORITY,070000543
25,TEARDROP,N N R & H A,071000211
252,WOODHAVEN,CITY OF NEWPORT NEWS,072000101
13017 GREEN,GROVE,CITY OF NEWPORT NEWS,072000202
496 CHARTER,OAK,CITY OF NEWPORT NEWS,072000278
255,RICHNECK,CITY OF NEWPORT NEWS,073000126
1 MEADOW,CREEK,CITY OF NEWPORT NEWS,066000424
254,RICHNECK,CITY OF NEWPORT NEWS,073000261
130,DILTS,CITY OF NEWPORT NEWS,073000391
12912,JEFFERSON,CITY OF NEWPORT NEWS,073000408
255,RICHNECK,CITY OF NEWPORT NEWS,073000126
1001 OLD,DENBIGH,CITY OF NEWPORT NEWS,075000121
33,ARLINE,CITY OF NEWPORT NEWS,076000117
15401,WARWICK,ECONOMIC DEVELOPMENT AUTHORITY,077000307
15310,WARWICK,CITY OF NEWPORT NEWS,078000305
15220,WARWICK,CITY OF NEWPORT NEWS,078000318
15214,WARWICK,CITY OF NEWPORT NEWS,078000321
15402,WARWICK,CITY OF NEWPORT NEWS,078000401
400,ATKINSON,CITY OF NEWPORT NEWS SCHOOL BOARD,078000402
15330,WARWICK,CITY OF NEWPORT NEWS,078000403
15316,WARWICK,CITY OF NEWPORT NEWS SCHOOL BOARD,078000404
15194,WARWICK,CITY OF NEWPORT NEWS,079000101
15312,WARWICK,CITY OF NEWPORT NEWS,079000103
185,RICHNECK,CITY OF NEWPORT NEWS SCHOOL BOARD,080000102
177,RICHNECK,CITY OF NEWPORT NEWS,080000105
12878,JEFFERSON,CITY OF NEWPORT NEWS,080000348
983,LACON,CITY OF NEWPORT NEWS,085000242
60 CURTIS,TIGNOR,CITY OF NEWPORT NEWS SCHOOL BOARD,086000234
91,LINDA,CITY OF NEWPORT NEWS,086000235
181 STONY,RIDGE,CITY OF NEWPORT NEWS,086000732
15206,WARWICK,CITY OF NEWPORT NEWS,087000402
5214 DENBIGH,PARK,CITY OF NEWPORT NEWS,087000404
5208 DENBIGH,PARK,CITY OF NEWPORT NEWS,087000406
5206 DENBIGH,PARK,CITY OF NEWPORT NEWS,087000407
5204 DENBIGH,PARK,CITY OF NEWPORT NEWS,087000408
15198,WARWICK,CITY OF NEWPORT NEWS,087000414
15196,WARWICK,CITY OF NEWPORT NEWS,087000415
5210 DENBIGH,PARK,CITY OF NEWPORT NEWS,087000416
5212 DENBIGH,PARK,CITY OF NEWPORT NEWS,087000417
306,CIVIL,CITY OF NEWPORT NEWS,088001073
12811,JEFFERSON,CITY OF NEWPORT NEWS,089000356
12811,JEFFERSON,CITY OF NEWPORT NEWS,089000356
12811,JEFFERSON,CITY OF NEWPORT NEWS,089000356
104 PRINCE,WILLIAM,CITY OF NEWPORT NEWS,089000404
106,TAZEWELL,CITY OF NEWPORT NEWS,089000529
80,RICHNECK,CITY OF NEWPORT NEWS,089000530
12824,JEFFERSON,CITY OF NEWPORT NEWS,090000103
12636,MCMANUS,CITY OF NEWPORT NEWS,091000201
12640,MCMANUS,INDUSTRIAL DEVELOPMENT AUTHORITY,091000204
907,COLLEEN,CITY OF NEWPORT NEWS,096000313
194,BEECHMONT,CITY OF NEWPORT NEWS,096000410
15008,WARWICK,ECONOMIC DEVELOPMENT AUTHORITY,097000301
14872,WARWICK,ECONOMIC DEVELOPMENT AUTHORITY,097000302
15004,WARWICK,ECONOMIC DEVELOPMENT AUTHORITY,097000303
14872,WARWICK,ECONOMIC DEVELOPMENT AUTHORITY,097000302
14874,WARWICK,ECONOMIC DEVELOPMENT AUTHORITY,097000305
15002,WARWICK,ECONOMIC DEVELOPMENT AUTHORITY,097000306
14878,WARWICK,ECONOMIC DEVELOPMENT AUTHORITY,097000312
14876,WARWICK,ECONOMIC DEVELOPMENT AUTHORITY,097000313
14747,WARWICK,CITY OF NEWPORT NEWS,097000520
14550 OLD,COURTHOUSE,CITY OF NEWPORT NEWS,098000701
14536 OLD,COURTHOUSE,CITY OF NEWPORT NEWS,098000703
489,DENBIGH,CITY OF NEWPORT NEWS,099000101
670,TURNBERRY,CITY OF NEWPORT NEWS,100000220
680,TURNBERRY,INDUSTRIAL DEVELOPMENT AUTHORITY,100000221
12601 PATRICK,HENRY,CITY OF NEWPORT NEWS,100000223
651,SIEMENS,CITY OF NEWPORT NEWS,101000120
12601,MCMANUS,INDUSTRIAL DEVELOPMENT AUTHORITY,101000202
690,TURNBERRY,CITY OF NEWPORT NEWS,101000203
692,TURNBERRY,CITY OF NEWPORT NEWS,101000204
867,GARROW,CITY OF NEWPORT NEWS,106000563
855 LUCAS,CREEK,CITY OF NEWPORT NEWS SCHOOL BOARD,107000138
14475 OLD,COURTHOUSE,CITY OF NEWPORT NEWS,107000302
366,DESHAZOR,CITY OF NEWPORT NEWS,107000313
840 LUCAS,CREEK,CITY OF NEWPORT NEWS,107000323
14600,WARWICK,CITY OF NEWPORT NEWS,108000103
429,ORIANA,ECONOMIC DEVELOPMENT AUTHORITY,108000137
14432 OLD,COURTHOUSE,CITY OF NEWPORT NEWS,108000202
14400 OLD,COURTHOUSE,CITY OF NEWPORT NEWS,108000206
117,POCAHANTAS,CITY OF NEWPORT NEWS,109000112
199,MOTOKA,CITY OF NEWPORT NEWS,109000824
536,TURNBERRY,CITY OF NEWPORT NEWS,110000103
12555,JEFFERSON,CITY OF NEWPORT NEWS,110000108
73,WATERVIEW,CITY OF NEWPORT NEWS,115000115
10,DENBIGH,CITY OF NEWPORT NEWS,090000224
826,MOYER,CITY OF NEWPORT NEWS SCHOOL BOARD,116000101
259,DENBIGH,CITY OF NEWPORT NEWS SCHOOL BOARD,117000102
239,DENBIGH,CITY OF NEWPORT NEWS,117000160
354 GREEN,MEADOWS,CITY OF NEWPORT NEWS,117000268
338,DENBIGH,CITY OF NEWPORT NEWS,117000601
14302 OLD,COURTHOUSE,CITY OF NEWPORT NEWS,118000303
334,WELLS,CITY OF NEWPORT NEWS SCHOOL BOARD,118000617
3950,CAMPBELL,CITY OF NEWPORT NEWS,119000525
500,BLAND,CITY OF NEWPORT NEWS,120000105
401,BOYKIN,CITY OF NEWPORT NEWS,120000308
337,CHATHAM,CITY OF NEWPORT NEWS,121000108
2381,G,INDUSTRIAL DEVELOPMENT AUTHORITY,121000205
1503 KILN,CREEK,CITY OF NEWPORT NEWS,123000401
1501 KILN,CREEK,CITY OF NEWPORT NEWS SCHOOL BOARD,123000402
29,JOLAMA,CITY OF NEWPORT NEWS,126000302
681 LUCAS,CREEK,CITY OF NEWPORT NEWS,127000135
680 LUCAS,CREEK,CITY OF NEWPORT NEWS,127000136
125,SANDPIPER,CITY OF NEWPORT NEWS,127000529
120,SANDPIPER,CITY OF NEWPORT NEWS,127000613
1 SHORE,PARK,CITY OF NEWPORT NEWS,127000801
137,CANTERBURY,CITY OF NEWPORT NEWS,128000178
139,SANDPIPER,CITY OF NEWPORT NEWS,128000201
13721,WARWICK,CITY OF NEWPORT NEWS,129000103
13705,WARWICK,CITY OF NEWPORT NEWS,129000107
13701,WARWICK,CITY OF NEWPORT NEWS,129000110
17,GWYNN,CITY OF NEWPORT NEWS,129000219
13684,WARWICK,CITY OF NEWPORT NEWS,129000503
3957,CAMPBELL,CITY OF NEWPORT NEWS,129000522
13437 WARWICK,SPRINGS,CITY OF NEWPORT NEWS,130000501
765 BRICK,KILN,CITY OF NEWPORT NEWS,132000301
419,LANYARD,CITY OF NEWPORT NEWS,146000212
480,COLONY,CITY OF NEWPORT NEWS SCHOOL BOARD,136000763
273,COLONY,CITY OF NEWPORT NEWS,137000311
251,YODER,CITY OF NEWPORT NEWS,137000320
375,NICEWOOD,CITY OF NEWPORT NEWS,138000379
13219,AQUEDUCT,N N R & H A,139000519
13209,AQUEDUCT,N N R & H A,139000520
13211,AQUEDUCT,N N R & H A,139000521
13245,AQUEDUCT,N N R & H A,139000522
13244,AQUEDUCT,N N R & H A,139000523
201,MOTOKA,CITY OF NEWPORT NEWS,140000104
551,ONANCOCK,CITY OF NEWPORT NEWS,140000106
643 VILLAGE,GREEN,CITY OF NEWPORT NEWS,142000305
635 KILN,CREEK,CITY OF NEWPORT NEWS,143000103
627 HAYSTACK,LANDING,CITY OF NEWPORT NEWS,145000141
80,MENCHVILLE,CITY OF NEWPORT NEWS SCHOOL BOARD,149000401
270,BATSON,CITY OF NEWPORT NEWS,149000427
13035,WARWICK,CITY OF NEWPORT NEWS,149000532
13043 MITCHELL,POINT,CITY OF NEWPORT NEWS,149000702
501 OYSTER,POINT,CITY OF NEWPORT NEWS,150000205
503 OYSTER,POINT,CITY OF NEWPORT NEWS,150000206
505 OYSTER,POINT,CITY OF NEWPORT NEWS,150000207
509 OYSTER,POINT,CITY OF NEWPORT NEWS,150000208
513 OYSTER,POINT,CITY OF NEWPORT NEWS,151000101
12148,JEFFERSON,CITY OF NEWPORT NEWS,151000112
523 OYSTER,POINT,ECONOMIC DEVELOPMENT AUTHORITY,151000131
100,PALMER,CITY OF NEWPORT NEWS SCHOOL BOARD,075000140
716,PRESCOTT,CITY OF NEWPORT NEWS,152000420
731 OYSTER,POINT,CITY OF NEWPORT NEWS,152000515
739 OYSTER,POINT,CITY OF NEWPORT NEWS,152000601
683 OYSTER,POINT,CITY OF NEWPORT NEWS,152000802
685 OYSTER,POINT,CITY OF NEWPORT NEWS,152000803
689 OYSTER,POINT,CITY OF NEWPORT NEWS,152000804
13,ELOWRO,CITY OF NEWPORT NEWS,156000209
93,ORCHARD,CITY OF NEWPORT NEWS,156000307
70,BOXLEY,CITY OF NEWPORT NEWS,159000303
76,BOXLEY,CITY OF NEWPORT NEWS,159000304
12930,WARWICK,CITY OF NEWPORT NEWS,160000104
12924,NETTLES,CITY OF NEWPORT NEWS,161000113
550 BLUE,POINT,N N R & H A,161000126
12098,JEFFERSON,CITY OF NEWPORT NEWS SCHOOL BOARD,162000101
690 OYSTER,POINT,ECONOMIC DEVELOPMENT AUTHORITY,162000103
730 OYSTER,POINT,INDUSTRIAL DEVELOPMENT AUTHORITY,162000205
700 OYSTER,POINT,INDUSTRIAL DEVELOPMENT AUTHORITY,162000206
12005,CANON,CITY OF NEWPORT NEWS,163000201
1072 J CLYDE,MORRIS,CITY OF NEWPORT NEWS,165000204
30,HOLLOWAY,CITY OF NEWPORT NEWS,166000192
701,MENCHVILLE,CITY OF NEWPORT NEWS SCHOOL BOARD,167000401
80 LUCAS,CREEK,CITY OF NEWPORT NEWS,127000136
275,MENCHVILLE,CITY OF NEWPORT NEWS SCHOOL BOARD,168000102
292,ADRIENNE,CITY OF NEWPORT NEWS,168000353
145 PINE,BLUFF,CITY OF NEWPORT NEWS,169000501
229,WOODBURNE,CITY OF NEWPORT NEWS,169000515
231,WOODBURNE,CITY OF NEWPORT NEWS,169000516
232,WOODBURNE,CITY OF NEWPORT NEWS,169000517
230,WOODBURNE,CITY OF NEWPORT NEWS,169000518
187 PINE,BLUFF,CITY OF NEWPORT NEWS,169000539
189 PINE,BLUFF,CITY OF NEWPORT NEWS,169000540
191 PINE,BLUFF,CITY OF NEWPORT NEWS,169000541
190 PINE,BLUFF,CITY OF NEWPORT NEWS,169000542
110,POINTERS,CITY OF NEWPORT NEWS,170000153
12800,WARWICK,CITY OF NEWPORT NEWS,170000265
11972,JEFFERSON,CITY OF NEWPORT NEWS,172000111
11890 ROCK,LANDING,INDUSTRIAL DEVELOPMENT AUTHORITY,174000101
810,BRIGHTON,N N R & H A,174000112
11842 ROCK,LANDING,INDUSTRIAL DEVELOPMENT AUTHORITY,174000118
1,PLANTATION,CITY OF NEWPORT NEWS,178000416
19,SCUFFLEFIELD,CITY OF NEWPORT NEWS,170000114
118,ARCHER,CITY OF NEWPORT NEWS,181000205
73,MAXWELL,CITY OF NEWPORT NEWS SCHOOL BOARD,181000429
234,LISA,CITY OF NEWPORT NEWS,181000508
12740,WARWICK,CITY OF NEWPORT NEWS,181000601
11887,JEFFERSON,CITY OF NEWPORT NEWS-WATERWORKS,183000110
736,BLUECRAB,ECONOMIC DEVELOPMENT AUTHORITY,184000182
11842 FISHING,POINT,CITY OF NEWPORT NEWS,184000207
11829,CANON,ECONOMIC DEVELOPMENT AUTHORITY,184000307
814,BLUECRAB,CITY OF NEWPORT NEWS,185000217
805,OMNI,CITY OF NEWPORT NEWS,185000219
809,OMNI,ECONOMIC DEVELOPMENT AUTHORITY,185000220
813,OMNI,CITY OF NEWPORT NEWS,185000221
11826,CANON,CITY OF NEWPORT NEWS,185000230
11801 ROCK,LANDING,CITY OF NEWPORT NEWS,185000307
11819 ROCK,LANDING,CITY OF NEWPORT NEWS,185000309
11843 ROCK,LANDING,CITY OF NEWPORT NEWS,185000316
1,GOVERNOR,CITY OF NEWPORT NEWS,189000109
100 CITY,FARM,CITY OF NEWPORT NEWS,190000101
494,MENCHVILLE,CITY OF NEWPORT NEWS,190000221
116,CANVASBACK,CITY OF NEWPORT NEWS,190000255
98,SHAMROCK,CITY OF NEWPORT NEWS,191000216
390,MAXWELL,CITY OF NEWPORT NEWS,191000248
66,LUANITA,CITY OF NEWPORT NEWS,192000447
12613,WARWICK,CITY OF NEWPORT NEWS,193000136
210, CITY CENTER,CITY OF NEWPORT NEWS,193000207
501 NAT,TURNER,ECONOMIC DEVELOPMENT AUTHORITY,194000246
521 NAT,TURNER,CITY OF NEWPORT NEWS,194000251
11846,JEFFERSON,CITY OF NEWPORT NEWS,195000102
702 THIMBLE,SHOALS,CITY OF NEWPORT NEWS,195000120
725 TOWN,CENTER,CITY OF NEWPORT NEWS,195000403
705 THIMBLE,SHOALS,CITY OF NEWPORT NEWS,195000406
651 TOWN,CENTER,ECONOMIC DEVELOPMENT AUTHORITY,195000408
735 TOWN,CENTER,ECONOMIC DEVELOPMENT AUTHORITY,195000413
730,LAKEFRONT,ECONOMIC DEVELOPMENT AUTHORITY,195000421
11860,MERCHANTS,ECONOMIC DEVELOPMENT AUTHORITY,195000423
11860,MERCHANTS,ECONOMIC DEVELOPMENT AUTHORITY,195000423
11805,FOUNTAIN,ECONOMIC DEVELOPMENT AUTHORITY,195000432
737 THIMBLE,SHOALS,CITY OF NEWPORT NEWS,196000109
727 THIMBLE,SHOALS,CITY OF NEWPORT NEWS,196000110
11760 ROCK,LANDING,ECONOMIC DEVELOPMENT AUTHORITY OF,196000158
11780 ROCK,LANDING,CITY OF NEWPORT NEWS,196000159
756 TOWN,CENTER,ECONOMIC DEVELOPMENT AUTHORITY,196000224
721 THIMBLE,SHOALS,ECONOMIC DEVELOPMENT AUTHORITY,196000227
735,MARINERS,ECONOMIC DEVELOPMENT AUTHORITY,196000229
730 TOWN,CENTER,ECONOMIC DEVELOPMENT AUTHORITY,196000230
750 TOWN,CENTER,ECONOMIC DEVELOPMENT AUTHORITY,196000232
11821,CANON,ECONOMIC DEVELOPMENT AUTHORITY,196000234
761,MARINERS,ECONOMIC DEVELOPMENT AUTHORITY,196000235
760, TOWN CENTER,ECONOMIC DEVELOPMENT AUTHORITY,196000225
791 J CLYDE,MORRIS,CITY OF NEWPORT NEWS,197000109
793 J CLYDE,MORRIS,ECONOMIC DEVELOPMENT AUTHORITY,197000110
836 J CLYDE,MORRIS,CITY OF NEWPORT NEWS,197000202
853,HARPERSVILLE,CITY OF NEWPORT NEWS SCHOOL BOARD,197000323
237,LONGMEADOW,CITY OF NEWPORT NEWS,198000107
238 ST,IVES,CITY OF NEWPORT NEWS,198000109
260,ANNE,CITY OF NEWPORT NEWS,198000402
524,MENCHVILLE,CITY OF NEWPORT NEWS,199000103
522,MENCHVILLE,CITY OF NEWPORT NEWS,199000104
520,MENCHVILLE,CITY OF NEWPORT NEWS,199000105
700 DEEP,CREEK,CITY OF NEWPORT NEWS,199000211
75,WELLESLEY,N N R & H A,202001484
111 EDITH,WHARTON,CITY OF NEWPORT NEWS,203000528
817,FORREST,N N R & H A,205000209
699 J CLYDE,MORRIS,CITY OF NEWPORT NEWS,205000230
730,ROSLYN,CITY OF NEWPORT NEWS,205000412
748 THIMBLE,SHOALS,CITY OF NEWPORT NEWS,205000601
790 PILOT,HOUSE,CITY OF NEWPORT NEWS,205000805
712,LEONARD,CITY OF NEWPORT NEWS,206000417
672,LEONARD,CITY OF NEWPORT NEWS,206000525
675,LEONARD,CITY OF NEWPORT NEWS,206000526
355,BARCLAY,CITY OF NEWPORT NEWS,209000462
12495,WARWICK,CITY OF NEWPORT NEWS,211000109
12511,WARWICK,NEWPORT NEWS SCHOOL BOARD,211000111
12507,WARWICK,NEWPORT NEWS SCHOOL BOARD,211000112
30,WELLESLEY,CITY OF NEWPORT NEWS SCHOOL BOARD,211000177
12455,WARWICK,CITY OF NEWPORT NEWS,211000178
12465,WARWICK,CITY OF NEWPORT NEWS SCHOOL BOARD,211000180
12453,WARWICK,CITY OF NEWPORT NEWS,211000181
4,MINTON,CITY OF NEWPORT NEWS,212000814
3,MINTON,CITY OF NEWPORT NEWS SCHOOL BOARD,212000539
55,MINTON,CITY OF NEWPORT NEWS,212000545
531 J CLYDE,MORRIS,CITY OF NEWPORT NEWS,213000126
11541,JEFFERSON,CITY OF NEWPORT NEWS SCHOOL BOARD,213000601
21,BURNS,CITY OF NEWPORT NEWS SCHOOL BOARD,215000101
221,BENNS,CITY OF NEWPORT NEWS,215000210
235,BENNS,CITY OF NEWPORT NEWS,215000213
270,BENNS,CITY OF NEWPORT NEWS,216000110
278,BENNS,CITY OF NEWPORT NEWS,216000112
642,LEONARD,CITY OF NEWPORT NEWS,216000128
645, SEA TURTLE,CITY OF NEWPORT NEWS,216000151
10,GRAHAM,CITY OF NEWPORT NEWS,209000457
213,MASSELL,CITY OF NEWPORT NEWS,218000439
57,MADISON,CITY OF NEWPORT NEWS,219000124
205,CORBIN,CITY OF NEWPORT NEWS,219000224
424,BURNHAM,CITY OF NEWPORT NEWS,221000290
64,SWEETBRIAR,CITY OF NEWPORT NEWS,221000357
8,LARCHMONT,CITY OF NEWPORT NEWS,221000350
524 J CLYDE,MORRIS,CITY OF NEWPORT NEWS,222000101
464 J CLYDE,MORRIS,CITY OF NEWPORT NEWS,222000103
509,WOODS,CITY OF NEWPORT NEWS,223000246
11316,JEFFERSON,CITY OF NEWPORT NEWS,223000701
16,HUBER,CITY OF NEWPORT NEWS,224000324
620,HARPERSVILLE,CITY OF NEWPORT NEWS,224000201
225,HUBER,CITY OF NEWPORT NEWS,224000339
300,BENNS,CITY OF NEWPORT NEWS,225000102
568,LEONARD,CITY OF NEWPORT NEWS,225000149
1 BEVERLY,HILLS,CITY OF NEWPORT NEWS,227000151
6,HILLCREST,CITY OF NEWPORT NEWS,227000201
115 JAMES,LANDING,CITY OF NEWPORT NEWS,227000412
70,QUEENS,CITY OF NEWPORT NEWS,105000638
501 BLOUNT,POINT,CITY OF NEWPORT NEWS SCHOOL BOARD,228000132
159 BLOUNT,POINT,CITY OF NEWPORT NEWS,228000133
21,MADISON,CITY OF NEWPORT NEWS,228000334
20 INDIGO,DAM,CITY OF NEWPORT NEWS,228000335
38,MOORES,CITY OF NEWPORT NEWS,229000416
389,MUSEUM,CITY OF NEWPORT NEWS,230000133
500,HARPERSVILLE,CITY OF NEWPORT NEWS,233000280
757,TERRACE,CITY OF NEWPORT NEWS,233000419
741,TERRACE,CITY OF NEWPORT NEWS,234000101
15 JAMES,LANDING,CITY OF NEWPORT NEWS,235000310
11520,WARWICK,CITY OF NEWPORT NEWS,239000203
4,BEACONSDALE,CITY OF NEWPORT NEWS,239000911
746,ADAMS,CITY OF NEWPORT NEWS SCHOOL BOARD,241000106
630,DRESDEN,CITY OF NEWPORT NEWS,241000751
585,BEECH,CITY OF NEWPORT NEWS,242000114
587,BEECH,CITY OF NEWPORT NEWS,242000118
260,SHOE,CITY OF NEWPORT NEWS,243000223
1,CROSS,CITY OF NEWPORT NEWS,243000245
1100 COUNTRY,CLUB,CITY OF NEWPORT NEWS SCHOOL BOARD,244000501
11400,WARWICK,CITY OF NEWPORT NEWS,246000292
51,COPELAND,CITY OF NEWPORT NEWS SCHOOL BOARD,246000301
1232,GATEWOOD,CITY OF NEWPORT NEWS SCHOOL BOARD,246000406
31,DELTA,CITY OF NEWPORT NEWS,249000314
532,BEECH,CITY OF NEWPORT NEWS,249000333
100,CENTRAL,CITY OF NEWPORT NEWS,250000235
111,MUSEUM,CITY OF NEWPORT NEWS,251000416
89,NELSON,INDUSTRIAL DEVELOPMENT AUTHORITY FOR THE,253000221
71,NELSON,INDUSTRIAL DEVELOPMENT AUTHORITY,253000222
538,LOGAN,CITY OF NEWPORT NEWS,253000225
11008,WARWICK,INDUSTRIAL DEVELOPMENT AUTHORITY,253000226
10201,JEFFERSON,CITY OF NEWPORT NEWS,254000132
10454,JEFFERSON,CITY OF NEWPORT NEWS,254000701
717,HEMLOCK,CITY OF NEWPORT NEWS,255000134
813,MAIN,CITY OF NEWPORT NEWS,255000246
701,EXPORT,CITY OF NEWPORT NEWS,258000411
561,MCLAWHORNE,CITY OF NEWPORT NEWS SCHOOL BOARD,259000101
570,MCLAWHORNE,CITY OF NEWPORT NEWS,259000126
804,MAIN,CITY OF NEWPORT NEWS SCHOOL BOARD,260000202
11,TERRACE,CITY OF NEWPORT NEWS SCHOOL BOARD,260000401
13,TERRACE,CITY OF NEWPORT NEWS SCHOOL BOARD,233000210
229 JAMES,RIVER,CITY OF NEWPORT NEWS,261000427
325,MAIN,CITY OF NEWPORT NEWS,263000236
413,TYLER,CITY OF NEWPORT NEWS,263000267
549,ABERTHAW,CITY OF NEWPORT NEWS,263000522
305,HAMMOND,CITY OF NEWPORT NEWS,263000649
119,MAIN,CITY OF NEWPORT NEWS,263000694
110,MAIN,CITY OF NEWPORT NEWS,263000695
120,MAIN,CITY OF NEWPORT NEWS,263000696
13,HUDSON,CITY OF NEWPORT NEWS,263000334
1,RICKS,CITY OF NEWPORT NEWS,264000146
7,RICKS,CITY OF NEWPORT NEWS,264000147
730,RANDOLPH,CITY OF NEWPORT NEWS,264000424
225,RIVER,CITY OF NEWPORT NEWS,265000228
10335,WARWICK,ECONOMIC DEVELOPMENT AUTHORITY OF,266000160
10260,WARWICK,CITY OF NEWPORT NEWS,266000558
10188,WARWICK,CITY OF NEWPORT NEWS,266000808
9710,JEFFERSON,CITY OF NEWPORT NEWS,267000312
714,SOUTH,CITY OF NEWPORT NEWS,267000771
728,SOUTH,CITY OF NEWPORT NEWS,267000781
808,SOUTH,CITY OF NEWPORT NEWS,267000786
701,SOUTH,CITY OF NEWPORT NEWS,267000799
9809,WARWICK,CITY OF NEWPORT NEWS,268000614
42,WOODFIN,CITY OF NEWPORT NEWS,268000634
326,CENTER,CITY OF NEWPORT NEWS,268000827
211,SOUTH,CITY OF NEWPORT NEWS,050000583
213,SOUTH,CITY OF NEWPORT NEWS,159000840
307,SOUTH,CITY OF NEWPORT NEWS,268000840
210,SOUTH,CITY OF NEWPORT NEWS,050000575
422,CENTER,CITY OF NEWPORT NEWS,268000971
401,SOUTH,CITY OF NEWPORT NEWS,268000974
609,SOUTH,CITY OF NEWPORT NEWS,269000338
605,SOUTH,CITY OF NEWPORT NEWS,269000339
420,SOUTH,CITY OF NEWPORT NEWS,269000411
9306,WARWICK,ECONOMIC DEVELOPMENT AUTHORITY OF,269000422
6219,JEFFERSON,CITY OF NEWPORT NEWS,269000517
6160,JEFFERSON,CITY OF NEWPORT NEWS SCHOOL BOARD,269000611
6156,JEFFERSON,CITY OF NEWPORT NEWS,269000613
606,MORRIS,ECONOMIC DEVELOPMENT AUTHORITY,269000731
1209,79TH,CITY OF NEWPORT NEWS,271000168
1215,76TH,CITY OF NEWPORT NEWS,271000302
9502,RIVER,CITY OF NEWPORT NEWS,272000130
144,SOUTH,CITY OF NEWPORT NEWS,272000260
9300,RIVER,CITY OF NEWPORT NEWS,272000262
9285,WARWICK,CITY OF NEWPORT NEWS,272000301
5024,MERCURY,CITY OF NEWPORT NEWS,273000318
6060,JEFFERSON,ECONOMIC DEVELOPMENT AUTHORITY,273000601
611 SCONES,DAM,ECONOMIC DEVELOPMENT AUTHORITY,273000606
6050,JEFFERSON,ECONOMIC DEVELOPMENT AUTHORITY,273000608
1216,76TH,CITY OF NEWPORT NEWS,275000509
1340,76TH,CITY OF NEWPORT NEWS,276000101
140,MYTILENE,CITY OF NEWPORT NEWS,276000104
7499,RIVER,CITY OF NEWPORT NEWS,277000104
5600,MERCURY,CITY OF NEWPORT NEWS,277000201
2,75TH,CITY OF NEWPORT NEWS,275000339
7330,WARWICK,CITY OF NEWPORT NEWS,278000437
719,73RD,CITY OF NEWPORT NEWS,279000426
638,CLINTON,CITY OF NEWPORT NEWS,279000703
5915,ORCUTT,CITY OF NEWPORT NEWS,280000418
6290,CHESTNUT,CITY OF NEWPORT NEWS,280000708
6402,CHESTNUT,CITY OF NEWPORT NEWS,280000709
1210,GAIL,CITY OF NEWPORT NEWS,280000710
6302,CHESTNUT,CITY OF NEWPORT NEWS,280000711
1109,BRIARFIELD,CITY OF NEWPORT NEWS,281000119
1111,BRIARFIELD,CITY OF NEWPORT NEWS,281000120
1110,BRIARFIELD,CITY OF NEWPORT NEWS,281000302
1112,BRIARFIELD,CITY OF NEWPORT NEWS,281000310
6003 OLD,CHESTNUT,CITY OF NEWPORT NEWS,281000315
7200,RIVER,CITY OF NEWPORT NEWS,282000108
6940,HUNTINGTON,CITY OF NEWPORT NEWS,282000401
5867,JEFFERSON,ECONOMIC DEVELOPMENT AUTHORITY OF,283000217
5859,JEFFERSON,CITY OF NEWPORT NEWS,283000219
5849,JEFFERSON,INDUSTRIAL DEVELOPMENT AUTHORITY,283000232
5911,MADISON,CITY OF NEWPORT NEWS,283000348
5844,MARSHALL,CITY OF NEWPORT NEWS,284000301
5800,MARSHALL,CITY OF NEWPORT NEWS SCHOOL BOARD,284000303
5803,ORCUTT,CITY OF NEWPORT NEWS,284000304
708,BRIARFIELD,CITY OF NEWPORT NEWS,284000322
5801,ORCUTT,CITY OF NEWPORT NEWS,284000323
5751,ROANOKE,CITY OF NEWPORT NEWS,284000415
5750,ROANOKE,CITY OF NEWPORT NEWS,285000112
6000,CHESTNUT,CITY OF NEWPORT NEWS,285000316
5198,CHESTNUT,CITY OF NEWPORT NEWS,285000501
5851,CHESTNUT,CITY OF NEWPORT NEWS,285000601
6100,WARWICK,CITY OF NEWPORT NEWS-WATERWORKS,287000401
5600,ARLINGTON,CITY OF NEWPORT NEWS,288000321
5720,MARSHALL,CITY OF NEWPORT NEWS SCHOOL BOARD,288000401
5000,MARSHALL,CITY OF NEWPORT NEWS,288000419
5730,MARSHALL,CITY OF NEWPORT NEWS,288000420
5560,MARSHALL,CITY OF NEWPORT NEWS,288000422
5570,MARSHALL,CITY OF NEWPORT NEWS,288000423
4815,MARKET,CITY OF NEWPORT NEWS,289000137
4501,ROANOKE,CITY OF NEWPORT NEWS,289000138
1451,48TH,CITY OF NEWPORT NEWS-WATERWORKS,289000215
4500,ROANOKE,CITY OF NEWPORT NEWS,289000265
4451,ROANOKE,CITY OF NEWPORT NEWS,289000266
4800,CHESTNUT,CITY OF NEWPORT NEWS,289000267
4880,ALUMINUM,CITY OF NEWPORT NEWS,289000268
4800,ROANOKE,CITY OF NEWPORT NEWS,289000269
4500,CHESTNUT,CITY OF NEWPORT NEWS,290000103
5101,HUNTINGTON,CITY OF NEWPORT NEWS,292030320
4550,MARSHALL,CITY OF NEWPORT NEWS,293000520
664,48TH,CITY OF NEWPORT NEWS,293000624
621,47TH,CITY OF NEWPORT NEWS,293000645
621,44TH,CITY OF NEWPORT NEWS,293000781
4507,JEFFERSON,CITY OF NEWPORT NEWS,293000846
661,46TH,N N R & H A,293040117
4200,MARSHALL,CITY OF NEWPORT NEWS SCHOOL BOARD,294010102
1001,44TH,CITY OF NEWPORT NEWS,294010103
1005,44TH,CITY OF NEWPORT NEWS,294010202
1037,44TH,CITY OF NEWPORT NEWS,294010353
1020,41ST,CITY OF NEWPORT NEWS,294040133
3800,ROANOKE,CITY OF NEWPORT NEWS,294040368
3812,ORCUTT,CITY OF NEWPORT NEWS,294040501
3700,CHESTNUT,CITY OF NEWPORT NEWS SCHOOL BOARD,295030203
1335,34TH,CITY OF NEWPORT NEWS,295030327
1354,35TH,CITY OF NEWPORT NEWS,295030343
1222,35TH,CITY OF NEWPORT NEWS,295040102
425,MAPLE,CITY OF NEWPORT NEWS,296030104
392,MAPLE,CITY OF NEWPORT NEWS,296030201
380,MAPLE,CITY OF NEWPORT NEWS,296030204
383,PINE,CITY OF NEWPORT NEWS,296030231
385,PINE,CITY OF NEWPORT NEWS,296030232
387,PINE,CITY OF NEWPORT NEWS,296030233
389,PINE,CITY OF NEWPORT NEWS,296030234
391,PINE,CITY OF NEWPORT NEWS,296030235
393,PINE,CITY OF NEWPORT NEWS,296030236
384,MAPLE,CITY OF NEWPORT NEWS,296030252
386,POPLAR,CITY OF NEWPORT NEWS,296030336
393,POPLAR,CITY OF NEWPORT NEWS,296030343
373,POPLAR,CITY OF NEWPORT NEWS,296030353
369,POPLAR,CITY OF NEWPORT NEWS,296030355
4800,HUNTINGTON,CITY OF NEWPORT NEWS,298020119
4600,HUNTINGTON,CITY OF NEWPORT NEWS,298020314
4514,HUNTINGTON,N N R & H A,298020512
351,45TH,CITY OF NEWPORT NEWS,298020513
350,45TH,CITY OF NEWPORT NEWS,298020514
546,43RD,N N R & H A,299010302
550,43RD,CITY OF NEWPORT NEWS,299010307
554,43RD,CITY OF NEWPORT NEWS,299010309
556,43RD,CITY OF NEWPORT NEWS,299010310
4207,JEFFERSON,N N R & H A,299010315
4201,JEFFERSON,N N R & H A,299010318
551,41ST,N N R & H A,299010413
549,41ST,N N R & H A,299010414
4104,HINES,N N R & H A,299010416
4100,HINES,N N R & H A,299010419
644,42ND,N N R & H A,299020331
651,41ST,N N R & H A,299020346
645,41ST,N N R & H A,299020350
641,41ST,N N R & H A,299020354
637,41ST,N N R & H A,299020355
631,41ST,N N R & H A,299020359
629,41ST,N N R & H A,299020360
627,41ST,N N R & H A,299020361
625,41ST,N N R & H A,299020362
621,41ST,N N R & H A,299020366
619,41ST,N N R & H A,299020367
617,41ST,N N R & H A,299020368
615,41ST,N N R & H A,299020369
613,41ST,N N R & H A,299020370
4108,JEFFERSON,N N R & H A,299020372
4104,JEFFERSON,N N R & H A,299020373
4100,JEFFERSON,N N R & H A,299020375
4014,HINES,N N R & H A,299020402
4010,HINES,N N R & H A,299020403
4015,JEFFERSON,N N R & H A,299020412
4005,JEFFERSON,N N R & H A,299020416
4001,JEFFERSON,N N R & H A,299020418
557,40TH,N N R & H A,299020419
555,40TH,CITY OF NEWPORT NEWS,299020420
553,40TH,N N R & H A,299020421
551,40TH,N N R & H A,299020422
537,40TH,N N R & H A,299020428
550,41ST,N N R & H A,299020431
546,41ST,N N R & H A,299020432
548,41ST,N N R & H A,299020433
4010,JEFFERSON,N N R & H A,299020504
606,41ST,CITY OF NEWPORT NEWS,299020505
610,41ST,N N R & H A,299020507
614,41ST,N N R & H A,299020508
618,41ST,N N R & H A,299020509
620,41ST,N N R & H A,299020510
622,41ST,N N R & H A,299020511
624,41ST,N N R & H A,299020514
626,41ST,N N R & H A,299020516
630,41ST,N N R & H A,299020517
634,41ST,N N R & H A,299020518
636,41ST,N N R & HA,299020520
638,41ST,N N R & H A,299020522
640,41ST,N N R & H A,299020523
642,41ST,N N R & H A,299020524
644,41ST,N N R & H A,299020525
646,41ST,N N R & H A,299020526
652,41ST,N N R & H A,299020529
656,41ST,N N R & H A,299020531
655,40TH,N N R & H A,299020540
653,40TH,N N R & H A,299020541
651,40TH,N N R & H A,299020543
647,40TH,N N R & H A,299020544
643,40TH,N N R & H A,299020546
639,40TH,N N R & H A,299020548
635,40TH,N N R & H A,299020550
617,40TH,N N R & H A,299020560
615,40TH,N N R & H A,299020561
622,40TH,N N R & H A,299020612
624,40TH,N N R & H A,299020614
626,40TH,CITY OF NEWPORT NEWS,299020615
628,40TH,N N R & H A,299020616
630,40TH,N N R & H A,299020617
632,40TH,N N R & H A,299020618
3910,HINES,N N R & H A,299040103
3908,HINES,N N R & H A,299040104
554,40TH,N N R & H A,299040110
3700,MARSHALL,ECONOMIC DEVELOPMENT AUTHORITY,300010115
1000,36TH,N N R & H A,300020201
900,35TH,CITY OF NEWPORT NEWS,300020202
3415,ORCUTT,CITY OF NEWPORT NEWS SCHOOL BOARD,300020203
900,36TH,N N R & H A,300020204
1002,37TH,N N R & H A,300020306
1006,37TH,N N R & H A,300020308
1010,37TH,N N R & H A,300020310
1047,36TH,N N R & H A,300020331
1023,36TH,N N R & H A,300020343
1011,36TH,N N R & H A,300020345
1007,36TH,N N R & H A,300020347
1003,36TH,N N R & H A,300020349
1015,35TH,N N R & H A,300020454
1013,35TH,N N R & H A,300020455
1045,34TH,N N R & H A,300020522
1025,34TH,N N R & H A,300020530
1045,33RD,N N R & H A,300020548
1041,33RD,N N R & H A,300020550
1001,34TH,N N R & H A,300020553
1003,34TH,N N R & H A,300020554
1007,34TH,N N R & H A,300020555
1011,34TH,N N R & H A,300020556
1015,34TH,N N R & H A,300020201
1019,34TH,N N R & H A,300020558
1014,35TH,N N R & H A,300020559
1010,35TH,N N R & H A,300020560
1006,35TH,N N R & H A,300020561
1002,35TH,N N R & H A,300020562
1000,34TH,N N R & H A,300020563
1003,33RD,N N R & H A,300020564
1007,33RD,N N R & H A,300020565
1011,33RD,N N R & H A,300020566
1015,33RD,N N R & H A,300020567
1019,33RD,N N R & H A,300020568
1023,33RD,N N R & H A,300020569
1026,34TH,N N R & H A,300020570
1022,34TH,N N R & H A,300020571
1018,34TH,N N R & H A,300020572
1014,34TH,N N R & H A,300020573
1010,34TH,N N R & H A,300020574
1006,34TH,N N R & H A,300020575
1002,34TH,N N R & H A,300020576
741,34TH,N N R & H A,300030205
731,33RD,CITY OF NEWPORT NEWS,300030421
729,33RD,CITY OF NEWPORT NEWS,300030422
3401,ORCUTT,CITY OF NEWPORT NEWS SCHOOL BOARD,300040304
3200,ORCUTT,N N R & H A,300040401
1114,33RD,N N R & H A,301010313
1149,32ND,CITY OF NEWPORT NEWS,301010345
1218,33RD,N N R & H A,301010423
3109,CHESTNUT,N N R & H A,301010725
1350,32ND,CITY OF NEWPORT NEWS,301020107
1361,30TH,CITY OF NEWPORT NEWS,301020125
3018,OAK,CITY OF NEWPORT NEWS,301020209
1232,30TH,CITY OF NEWPORT NEWS,301020328
1305,29TH,CITY OF NEWPORT NEWS,301020452
1301,29TH,CITY OF NEWPORT NEWS,301020453
1379,29TH,CITY OF NEWPORT NEWS,301020454
2912,OAK,CITY OF NEWPORT NEWS,301020456
2802,OAK,CITY OF NEWPORT NEWS,301020501
1320,29TH,CITY OF NEWPORT NEWS,301020506
1374,29TH,CITY OF NEWPORT NEWS,301020536
2800,OAK,CITY OF NEWPORT NEWS,301020574
1380,29TH,CITY OF NEWPORT NEWS,301020575
1047,31ST,CITY OF NEWPORT NEWS,301030114
1127,30TH,CITY OF NEWPORT NEWS,301030252
1151,29TH,CITY OF NEWPORT NEWS,301030345
1132,29TH,CITY OF NEWPORT NEWS,301030415
1140,27TH,CITY OF NEWPORT NEWS,301030565
1034,29TH,CITY OF NEWPORT NEWS,301030642
2807,ROANOKE,CITY OF NEWPORT NEWS,301030651
2803,OAK,CITY OF NEWPORT NEWS,301040141
1255,28TH,CITY OF NEWPORT NEWS,301040142
1249,28TH,CITY OF NEWPORT NEWS,301040143
2701,OAK,CITY OF NEWPORT NEWS,301040232
2608,OAK,CITY OF NEWPORT NEWS,301040328
2606,OAK,CITY OF NEWPORT NEWS,301040352
1212,27TH,N N R & H A,301040516
2609,OAK,CITY OF NEWPORT NEWS,301040538
2509,OAK,N N R & H A,301040629
311,SYCAMORE,N N R & H A,302010221
301,BUXTON,CITY OF NEWPORT NEWS,302010236
322,BUXTON,CITY OF NEWPORT NEWS,302010249
324,BUXTON,CITY OF NEWPORT NEWS,302010250
328,BUXTON,CITY OF NEWPORT NEWS,302010252
330,BUXTON,CITY OF NEWPORT NEWS,302010253
332,BUXTON,CITY OF NEWPORT NEWS,302010254
1435,28TH,CITY OF NEWPORT NEWS,302010301
1445,28TH,CITY OF NEWPORT NEWS,302010302
1430,28TH,CITY OF NEWPORT NEWS,302010303
1440,28TH,CITY OF NEWPORT NEWS,302010304
1424,27TH,CITY OF NEWPORT NEWS,302010305
1431,26TH,N N R & H A,302010321
1451,26TH,CITY OF NEWPORT NEWS,302010322
1426,27TH,CITY OF NEWPORT NEWS,302010323
208,MAPLE,CITY OF NEWPORT NEWS,302020217
136,MAPLE,CITY OF NEWPORT NEWS,302020301
1850,HAMPTON,CITY OF NEWPORT NEWS,302020317
1890,HAMPTON,CITY OF NEWPORT NEWS,302020337
1900,HAMPTON,CITY OF NEWPORT NEWS,302020338
1600,25TH,N N R & H A,302020401
142,POPLAR,CITY OF NEWPORT NEWS,302020438
137,MAPLE,CITY OF NEWPORT NEWS,302020483
1440,26TH,CITY OF NEWPORT NEWS,302030212
1430,25TH,CITY OF NEWPORT NEWS,302030229
1432,25TH,CITY OF NEWPORT NEWS,302030230
1434,25TH,CITY OF NEWPORT NEWS,302030231
1438,25TH,CITY OF NEWPORT NEWS,302030232
1440,25TH,CITY OF NEWPORT NEWS,302030233
1446,25TH,CITY OF NEWPORT NEWS,302030235
1452,25TH,CITY OF NEWPORT NEWS,302030240
222,BUXTON,CITY OF NEWPORT NEWS,302040108
202,BUXTON,CITY OF NEWPORT NEWS,302040116
209,SYCAMORE,CITY OF NEWPORT NEWS,302040118
215,SYCAMORE,CITY OF NEWPORT NEWS,302040124
208,SYCAMORE,CITY OF NEWPORT NEWS,302040139
146,SYCAMORE,CITY OF NEWPORT NEWS,302040302
136,SYCAMORE,CITY OF NEWPORT NEWS,302040307
106,SYCAMORE,CITY OF NEWPORT NEWS,302040319
70,BUXTON,CITY OF NEWPORT NEWS,302040404
68,BUXTON,CITY OF NEWPORT NEWS,302040406
76,SYCAMORE,CITY OF NEWPORT NEWS,302040446
140,BUXTON,CITY OF NEWPORT NEWS,302040501
138,BUXTON,CITY OF NEWPORT NEWS,302040503
136,BUXTON,CITY OF NEWPORT NEWS,302040505
134,BUXTON,CITY OF NEWPORT NEWS,302040507
128,BUXTON,CITY OF NEWPORT NEWS,302040508
108,BUXTON,CITY OF NEWPORT NEWS,302040516
104,BUXTON,CITY OF NEWPORT NEWS,302040518
100,BUXTON,CITY OF NEWPORT NEWS,302040519
101,SYCAMORE,CITY OF NEWPORT NEWS,302040520
105,SYCAMORE,CITY OF NEWPORT NEWS,302040522
111,SYCAMORE,CITY OF NEWPORT NEWS,302040524
113,SYCAMORE,CITY OF NEWPORT NEWS,302040526
115,SYCAMORE,CITY OF NEWPORT NEWS,302040527
119,SYCAMORE,CITY OF NEWPORT NEWS,302040529
121,SYCAMORE,CITY OF NEWPORT NEWS,302040530
131,SYCAMORE,CITY OF NEWPORT NEWS,302040535
106,BUXTON,CITY OF NEWPORT NEWS,302040541
125,CEDAR,CITY OF NEWPORT NEWS,302040616
135,CEDAR,CITY OF NEWPORT NEWS,302040619
142,CEDAR,CITY OF NEWPORT NEWS,302040626
138,CEDAR,CITY OF NEWPORT NEWS,302040629
134,CEDAR,CITY OF NEWPORT NEWS,302040630
135,BUXTON,CITY OF NEWPORT NEWS,302040657
137,BUXTON,CITY OF NEWPORT NEWS,302040658
139,BUXTON,CITY OF NEWPORT NEWS,302040659
145,BUXTON,CITY OF NEWPORT NEWS,302040661
215,35TH,ECONOMIC DEVELOPMENT AUTHORITY,304040133
213,35TH,ECONOMIC DEVELOPMENT AUTHORITY,304040134
3500,WASHINGTON,ECONOMIC DEVELOPMENT AUTHORITY,304040136
3408,WASHINGTON,ECONOMIC DEVELOPMENT AUTHORITY,304040221
210,35TH,ECONOMIC DEVELOPMENT AUTHORITY,304040222
214,35TH,ECONOMIC DEVELOPMENT AUTHORITY,304040224
3406,WASHINGTON,ECONOMIC DEVELOPMENT AUTHORITY,304040231
3412,WASHINGTON,ECONOMIC DEVELOPMENT AUTHORITY,304040250
208,35TH,ECONOMIC DEVELOPMENT AUTHORITY,304040251
491,34TH,ECONOMIC DEVELOPMENT AUTHORITY,305020280
481,34TH,ECONOMIC DEVELOPMENT AUTHORITY,305020281
3303,JEFFERSON,ECONOMIC DEVELOPMENT AUTHORITY,305020301
3406,JEFFERSON,N N R & H A,305020403
3214,TERMINAL,ECONOMIC DEVELOPMENT AUTHORITY,305020601
3208,TERMINAL,ECONOMIC DEVELOPMENT AUTHORITY,305020602
510,33RD,ECONOMIC DEVELOPMENT AUTHORITY,305020603
516,33RD,ECONOMIC DEVELOPMENT AUTHORITY,305020606
518,33RD,ECONOMIC DEVELOPMENT AUTHORITY,305020607
520,33RD,ECONOMIC DEVELOPMENT AUTHORITY,305020608
522,33RD,ECONOMIC DEVELOPMENT AUTHORITY,305020609
524,33RD,ECONOMIC DEVELOPMENT AUTHORITY,305020610
526,33RD,ECONOMIC DEVELOPMENT AUTHORITY,305020612
526,33RD,ECONOMIC DEVELOPMENT AUTHORITY,305020612
530,33RD,ECONOMIC DEVELOPMENT AUTHORITY,305020613
538,33RD,ECONOMIC DEVELOPMENT AUTHORITY,305020615
536,33RD,ECONOMIC DEVELOPMENT AUTHORITY,305020618
540,33RD,ECONOMIC DEVELOPMENT AUTHORITY,305020619
548,33RD,ECONOMIC DEVELOPMENT AUTHORITY,305020621
550,33RD,ECONOMIC DEVELOPMENT AUTHORITY,305020622
552,33RD,ECONOMIC DEVELOPMENT AUTHORITY,305020623
554,33RD,ECONOMIC DEVELOPMENT AUTHORITY,305020624
556,33RD,ECONOMIC DEVELOPMENT AUTHORITY,305020625
3201,JEFFERSON,ECONOMIC DEVELOPMENT AUTHORITY,305020629
555,32ND,ECONOMIC DEVELOPMENT AUTHORITY,305020631
545,32ND,ECONOMIC DEVELOPMENT AUTHORITY,305020635
541,32ND,ECONOMIC DEVELOPMENT AUTHORITY,305020637
539,32ND,ECONOMIC DEVELOPMENT AUTHORITY,305020639
537,32ND,ECONOMIC DEVELOPMENT AUTHORITY,305020640
533,32ND,ECONOMIC DEVELOPMENT AUTHORITY,305020641
531,32ND,ECONOMIC DEVELOPMENT AUTHORITY,305020643
531,32ND,ECONOMIC DEVELOPMENT AUTHORITY,305020643
529,32ND,ECONOMIC DEVELOPMENT AUTHORITY,305020644
527,32ND,ECONOMIC DEVELOPMENT AUTHORITY,305020646
525,32ND,ECONOMIC DEVELOPMENT AUTHORITY,305020647
523,32ND,ECONOMIC DEVELOPMENT AUTHORITY,305020648
521,32ND,ECONOMIC DEVELOPMENT AUTHORITY,305020649
519,32ND,ECONOMIC DEVELOPMENT AUTHORITY,305020650
517,32ND,ECONOMIC DEVELOPMENT AUTHORITY,305020651
515,32ND,ECONOMIC DEVELOPMENT AUTHORITY,305020652
513,32ND,ECONOMIC DEVELOPMENT AUTHORITY,305020653
511,32ND,ECONOMIC DEVELOPMENT AUTHORITY,305020654
505,32ND,ECONOMIC DEVELOPMENT AUTHORITY,305020655
501,32ND,ECONOMIC DEVELOPMENT AUTHORITY,305020656
3206,TERMINAL,ECONOMIC DEVELOPMENT AUTHORITY,305020657
548,32ND,ECONOMIC DEVELOPMENT AUTHORITY,305020701
550,32ND,ECONOMIC DEVELOPMENT AUTHORITY,305020702
552,32ND,ECONOMIC DEVELOPMENT AUTHORITY,305020703
554,32ND,ECONOMIC DEVELOPMENT AUTHORITY,305020704
556,32ND,ECONOMIC DEVELOPMENT AUTHORITY,305020705
3105,JEFFERSON,ECONOMIC DEVELOPMENT AUTHORITY,305020706
3103,JEFFERSON,ECONOMIC DEVELOPMENT AUTHORITY,305020718
3101,JEFFERSON,ECONOMIC DEVELOPMENT AUTHORITY,305020719
214,34TH,CITY OF NEWPORT NEWS,305030208
222,34TH,CITY OF NEWPORT NEWS,305030210
230,34TH,CITY OF NEWPORT NEWS,305030211
201,33RD,CITY OF NEWPORT NEWS,305030216
3208,WASHINGTON,N N R & H A,305030236
3204,WASHINGTON,N N R & H A,305030237
3200,WASHINGTON,N N R & H A,305030238
3200,WARWICK,CITY OF NEWPORT NEWS,139000609
3114,TERMINAL,ECONOMIC DEVELOPMENT AUTHORITY,305040201
3112,TERMINAL,ECONOMIC DEVELOPMENT AUTHORITY,305040202
3110,TERMINAL,ECONOMIC DEVELOPMENT AUTHORITY,305040203
3108,TERMINAL,ECONOMIC DEVELOPMENT AUTHORITY,305040204
510,32ND,ECONOMIC DEVELOPMENT AUTHORITY,305040205
528,32ND,ECONOMIC DEVELOPMENT AUTHORITY,305040206
530,32ND,ECONOMIC DEVELOPMENT AUTHORITY,305040207
532,32ND,ECONOMIC DEVELOPMENT AUTHORITY,305040208
534,32ND,ECONOMIC DEVELOPMENT AUTHORITY,305040209
536,32ND,ECONOMIC DEVELOPMENT AUTHORITY,305040210
538,32ND,ECONOMIC DEVELOPMENT AUTHORITY,305040211
540,32ND,ECONOMIC DEVELOPMENT AUTHORITY,305040212
542,32ND,ECONOMIC DEVELOPMENT AUTHORITY,305040213
543,31ST,ECONOMIC DEVELOPMENT AUTHORITY,305040218
541,31ST,ECONOMIC DEVELOPMENT AUTHORITY,305040219
539,31ST,ECONOMIC DEVELOPMENT AUTHORITY,305040220
537,31ST,ECONOMIC DEVELOPMENT AUTHORITY,305040221
535,31ST,ECONOMIC DEVELOPMENT AUTHORITY,305040222
531,31ST,ECONOMIC DEVELOPMENT AUTHORITY,305040223
527,31ST,ECONOMIC DEVELOPMENT AUTHORITY,305040224
525,31ST,ECONOMIC DEVELOPMENT AUTHORITY,305040225
523,31ST,ECONOMIC DEVELOPMENT AUTHORITY,305040226
521,31ST,ECONOMIC DEVELOPMENT AUTHORITY,305040227
519,31ST,ECONOMIC DEVELOPMENT AUTHORITY,305040228
517,31ST,ECONOMIC DEVELOPMENT AUTHORITY,305040229
515,31ST,ECONOMIC DEVELOPMENT AUTHORITY,305040230
511,31ST,ECONOMIC DEVELOPMENT AUTHORITY,305040232
3100,TERMINAL,ECONOMIC DEVELOPMENT AUTHORITY,305040233
3106,TERMINAL,ECONOMIC DEVELOPMENT AUTHORITY,305040234
3090,TERMINAL,ECONOMIC DEVELOPMENT AUTHORITY,305040301
3080,TERMINAL,ECONOMIC DEVELOPMENT AUTHORITY,305040302
3070,TERMINAL,ECONOMIC DEVELOPMENT AUTHORITY,305040303
3060,TERMINAL,ECONOMIC DEVELOPMENT AUTHORITY,305040304
512,31ST,ECONOMIC DEVELOPMENT AUTHORITY,305040305
514,31ST,ECONOMIC DEVELOPMENT AUTHORITY,305040306
516,31ST,ECONOMIC DEVELOPMENT AUTHORITY,305040307
518,31ST,ECONOMIC DEVELOPMENT AUTHORITY,305040308
520,31ST,ECONOMIC DEVELOPMENT AUTHORITY,305040309
524,31ST,ECONOMIC DEVELOPMENT AUTHORITY,305040310
528,31ST,ECONOMIC DEVELOPMENT AUTHORITY,305040311
530,31ST,ECONOMIC DEVELOPMENT AUTHORITY,305040312
532,31ST,ECONOMIC DEVELOPMENT AUTHORITY,305040313
534,31ST,ECONOMIC DEVELOPMENT AUTHORITY,305040314
536,31ST,ECONOMIC DEVELOPMENT AUTHORITY,305040315
538,31ST,ECONOMIC DEVELOPMENT AUTHORITY,305040316
544,31ST,ECONOMIC DEVELOPMENT AUTHORITY,305040317
546,31ST,ECONOMIC DEVELOPMENT AUTHORITY,305040318
548,31ST,ECONOMIC DEVELOPMENT AUTHORITY,305040319
550,31ST,ECONOMIC DEVELOPMENT AUTHORITY,305040320
554,31ST,ECONOMIC DEVELOPMENT AUTHORITY,305040322
556,31ST,ECONOMIC DEVELOPMENT AUTHORITY,305040323
3015,JEFFERSON,ECONOMIC DEVELOPMENT AUTHORITY,305040324
3009,JEFFERSON,ECONOMIC DEVELOPMENT AUTHORITY,305040325
3007,JEFFERSON,ECONOMIC DEVELOPMENT AUTHORITY,305040326
3005,JEFFERSON,ECONOMIC DEVELOPMENT AUTHORITY,305040327
3003,JEFFERSON,ECONOMIC DEVELOPMENT AUTHORITY,305040328
3001,JEFFERSON,ECONOMIC DEVELOPMENT AUTHORITY,305040329
565,30TH,ECONOMIC DEVELOPMENT AUTHORITY,305040330
563,30TH,ECONOMIC DEVELOPMENT AUTHORITY,305040331
561,30TH,ECONOMIC DEVELOPMENT AUTHORITY,305040332
551,30TH,ECONOMIC DEVELOPMENT AUTHORITY,305040333
547,30TH,ECONOMIC DEVELOPMENT AUTHORITY,305040334
545,30TH,ECONOMIC DEVELOPMENT AUTHORITY,305040335
543,30TH,ECONOMIC DEVELOPMENT AUTHORITY,305040336
541,30TH,ECONOMIC DEVELOPMENT AUTHORITY,305040337
539,30TH,ECONOMIC DEVELOPMENT AUTHORITY,305040338
537,30TH,ECONOMIC DEVELOPMENT AUTHORITY,305040339
535,30TH,ECONOMIC DEVELOPMENT AUTHORITY,305040340
533,30TH,ECONOMIC DEVELOPMENT AUTHORITY,305040341
531,30TH,ECONOMIC DEVELOPMENT AUTHORITY,305040342
527,30TH,ECONOMIC DEVELOPMENT AUTHORITY,305040344
525,30TH,ECONOMIC DEVELOPMENT AUTHORITY,305040345
523,30TH,ECONOMIC DEVELOPMENT AUTHORITY,305040346
519,30TH,ECONOMIC DEVELOPMENT AUTHORITY,305040349
3000,TERMINAL,ECONOMIC DEVELOPMENT AUTHORITY,305040354
2990,TERMINAL,ECONOMIC DEVELOPMENT AUTHORITY,305040401
2980,TERMINAL,ECONOMIC DEVELOPMENT AUTHORITY,305040402
510,30TH,ECONOMIC DEVELOPMENT AUTHORITY,305040404
520,30TH,ECONOMIC DEVELOPMENT AUTHORITY,305040409
522,30TH,ECONOMIC DEVELOPMENT AUTHORITY,305040410
526,30TH,ECONOMIC DEVELOPMENT AUTHORITY,305040412
530,30TH,ECONOMIC DEVELOPMENT AUTHORITY,305040413
534,30TH,ECONOMIC DEVELOPMENT AUTHORITY,305040415
536,30TH,ECONOMIC DEVELOPMENT AUTHORITY,305040416
538,30TH,ECONOMIC DEVELOPMENT AUTHORITY,305040417
542,30TH,ECONOMIC DEVELOPMENT AUTHORITY,305040419
544,30TH,ECONOMIC DEVELOPMENT AUTHORITY,305040420
546,30TH,ECONOMIC DEVELOPMENT AUTHORITY,305040421
550,30TH,ECONOMIC DEVELOPMENT AUTHORITY,305040423
554,30TH,ECONOMIC DEVELOPMENT AUTHORITY,305040425
558,30TH,ECONOMIC DEVELOPMENT AUTHORITY,305040427
557,29TH,ECONOMIC DEVELOPMENT AUTHORITY,305040435
555,29TH,ECONOMIC DEVELOPMENT AUTHORITY,305040436
553,29TH,ECONOMIC DEVELOPMENT AUTHORITY,305040437
551,29TH,ECONOMIC DEVELOPMENT AUTHORITY,305040438
549,29TH,ECONOMIC DEVELOPMENT AUTHORITY,305040439
547,29TH,ECONOMIC DEVELOPMENT AUTHORITY,305040440
545,29TH,ECONOMIC DEVELOPMENT AUTHORITY,305040441
543,29TH,ECONOMIC DEVELOPMENT AUTHORITY,305040442
541,29TH,ECONOMIC DEVELOPMENT AUTHORITY,305040443
535,29TH,ECONOMIC DEVELOPMENT AUTHORITY,305040445
533,29TH,ECONOMIC DEVELOPMENT AUTHORITY,305040446
531,29TH,ECONOMIC DEVELOPMENT AUTHORITY,305040447
529,29TH,ECONOMIC DEVELOPMENT AUTHORITY,305040448
527,29TH,ECONOMIC DEVELOPMENT AUTHORITY,305040449
523,29TH,ECONOMIC DEVELOPMENT AUTHORITY,305040451
511,29TH,ECONOMIC DEVELOPMENT AUTHORITY,305040456
2900,TERMINAL,ECONOMIC DEVELOPMENT AUTHORITY,305040457
2812,TERMINAL,ECONOMIC DEVELOPMENT AUTHORITY,305040501
510,29TH,ECONOMIC DEVELOPMENT AUTHORITY,305040502
520,29TH,ECONOMIC DEVELOPMENT AUTHORITY,305040503
534,29TH,ECONOMIC DEVELOPMENT AUTHORITY,305040505
542,29TH,ECONOMIC DEVELOPMENT AUTHORITY,305040507
544,29TH,ECONOMIC DEVELOPMENT AUTHORITY,305040508
546,29TH,ECONOMIC DEVELOPMENT AUTHORITY,305040509
550,29TH,ECONOMIC DEVELOPMENT AUTHORITY,305040512
554,29TH,ECONOMIC DEVELOPMENT AUTHORITY,305040514
556,29TH,ECONOMIC DEVELOPMENT AUTHORITY,305040515
551,28TH,ECONOMIC DEVELOPMENT AUTHORITY,305040516
532,29TH,ECONOMIC DEVELOPMENT AUTHORITY,305040517
537,28TH,ECONOMIC DEVELOPMENT AUTHORITY,305040528
545,28TH,CITY OF NEWPORT NEWS,305040529
511,28TH,ECONOMIC DEVELOPMENT AUTHORITY,305040531
2806,TERMINAL,ECONOMIC DEVELOPMENT AUTHORITY,305040534
508,29TH,ECONOMIC DEVELOPMENT AUTHORITY,305040535
638,33RD,CITY OF NEWPORT NEWS,306010116
851,28TH,N N R & H A,306020341
827,28TH,N N R & H A,306020355
825,28TH,N N R & H A,306020356
751,28TH,N N R & H A,306020368
2900,WICKHAM,CITY OF NEWPORT NEWS,306020401
2814,WICKHAM,CITY OF NEWPORT NEWS,306020402
2712,WICKHAM,CITY OF NEWPORT NEWS,306020404
829,27TH,N N R & H A,306020541
817,27TH,N N R & H A,306020547
813,27TH,N N R & H A,306020550
854,27TH,N N R & H A,306020608
2615,WICKHAM,N N R & H A,306020610
2613,WICKHAM,N N R & H A,306020611
2914,JEFFERSON,N N R & H A,306030104
2812,JEFFERSON,N N R & H A,306030205
608,29TH,N N R & H A,306030206
614,29TH,N N R & H A,306030208
620,29TH,N N R & H A,306030211
619,28TH,CITY OF NEWPORT NEWS,306030251
617,28TH,N N R & H A,306030252
615,28TH,N N R & H A,306030253
613,28TH,N N R & H A,306030254
611,28TH,N N R & H A,306030255
609,28TH,N N R & H A,306030257
2800,JEFFERSON,N N R & H A,306030259
2801,JEFFERSON,ECONOMIC DEVELOPMENT AUTHORITY,306030263
554,28TH,N N R & H A,306030307
2714,JEFFERSON,N N R & H A,306030309
606,28TH,N N R & H A,306030310
614,28TH,N N R & H A,306030312
616,28TH,N N R & H A,306030313
613,27TH,N N R & H A,306030354
607,27TH,N N R & H A,306030355
605,27TH,N N R & H A,306030356
2706,JEFFERSON,N N R & H A,306030357
2700,JEFFERSON,N N R & H A,306030358
2705,JEFFERSON,N N R & H A,306030359
733,28TH,N N R & H A,306030413
701,25TH,N N R & H A,306030531
2609,MARSHALL,N N R & H A,306040142
759,26TH,N N R & H A,306040148
743,24TH,CITY OF NEWPORT NEWS SCHOOL BOARD,306040244
837,26TH,N N R & H A,306040318
2510,WICKHAM,CITY OF NEWPORT NEWS,306040426
2404,MARSHALL,N N R & H A,306040535
834,24TH,CITY OF NEWPORT NEWS,306040613
1033,28TH,CITY OF NEWPORT NEWS,307010101
1116,27TH,N N R & H A,307010408
1242,24TH,CITY OF NEWPORT NEWS,307020418
1141,23RD,N N R & H A,307020926
2410,WICKHAM,CITY OF NEWPORT NEWS,307030101
2303,WICKHAM,CITY OF NEWPORT NEWS,307030104
922,23RD,N N R & H A,307030216
1128,22ND,N N R & H A,307040210
1225,21ST,CITY OF NEWPORT NEWS,307040414
1210,HAMPTON,CITY OF NEWPORT NEWS,307040428
1121,20TH,CITY OF NEWPORT NEWS,307040642
2015,ROANOKE,CITY OF NEWPORT NEWS,307040705
2212,OAK,CITY OF NEWPORT NEWS,308010102
125,BEECHWOOD,CITY OF NEWPORT NEWS,095000156
121,BEECHWOOD,CITY OF NEWPORT NEWS,308010508
119,BEECHWOOD,CITY OF NEWPORT NEWS,308010509
115,BEECHWOOD,CITY OF NEWPORT NEWS,308010511
123,MULBERRY,CITY OF NEWPORT NEWS,308010531
75,CEDAR,CITY OF NEWPORT NEWS,308020401
61,BEECHWOOD,CITY OF NEWPORT NEWS,308020634
1718,CHESTNUT,CITY OF NEWPORT NEWS SCHOOL BOARD,308030129
61,WALNUT,CITY OF NEWPORT NEWS,308030201
119,BLAIR,CITY OF NEWPORT NEWS,308040119
120,34TH,N N R & H A,310020209
150,33RD,INDUSTRIAL DEVELOPMENT AUTHORITY,310020336
2907,WEST,CITY OF NEWPORT NEWS,310040107
20,28TH,CITY OF NEWPORT NEWS,310040123
97,28TH,N N R & H A,310040131
2912,WEST,N N R & H A,311010202
114,30TH,N N R & H A,311010209
118,30TH,N N R & H A,301030309
124,30TH,ECONOMIC DEVELOPMENT AUTHORITY FOR THE,311010212
126,30TH,ECONOMIC DEVELOPMENT AUTHORITY OF,311010213
128,30TH,ECONOMIC DEVELOPMENT AUTHORITY OF,311010214
2917,WASHINGTON,CITY OF NEWPORT NEWS,311010222
222,30TH,CITY OF NEWPORT NEWS,301020324
226,30TH,CITY OF NEWPORT NEWS,311010231
228,30TH,CITY OF NEWPORT NEWS,301020326
2900,WASHINGTON,ECONOMIC DEVELOPMENT AUTHORITY OF,311010256
2815,HUNTINGTON,N N R & H A,311010262
2800,WASHINGTON,ECONOMIC DEVELOPMENT AUTHORITY OF,311010280
328,30TH,CITY OF NEWPORT NEWS,311010308
2901,WARWICK,ECONOMIC DEVELOPMENT AUTHORITY,311010309
2875,WARWICK,INDUSTRIAL DEVELOPMENT AUTHORITY,311010310
320,29TH,ECONOMIC DEVELOPMENT AUTHORITY,301020506
2900,HUNTINGTON,ECONOMIC DEVELOPMENT AUTHORITY,311010314
2790,HUNTINGTON,CITY OF NEWPORT NEWS,311010316
2700,HUNTINGTON,ECONOMIC DEVELOPMENT AUTHORITY OF,311010317
2900,WARWICK,ECONOMIC DEVELOPMENT AUTHORITY,311020101
2810,WEST,ECONOMIC DEVELOPMENT AUTHORITY,311030101
114,29TH,ECONOMIC DEVELOPMENT AUTHORITY,311030103
150,29TH,ECONOMIC DEVELOPMENT AUTHORITY,311030104
2815,WASHINGTON,ECONOMIC DEVELOPMENT AUTHORITY,311030106
115,28TH,N N R & H A,301030452
2804,WEST,ECONOMIC DEVELOPMENT AUTHORITY,311030121
2806,WEST,ECONOMIC DEVELOPMENT AUTHORITY,311030122
123,28TH,N N R & H A,311030123
2701,WASHINGTON,N N R & H A,311030201
227,27TH,N N R & H A,311030209
2601,WASHINGTON,N N R & H A,311030214
2501,HUNTINGTON,CITY OF NEWPORT NEWS,311030302
210,25TH,CITY OF NEWPORT NEWS,311030306
2501,WASHINGTON,CITY OF NEWPORT NEWS,311030402
2500,HUNTINGTON,CITY OF NEWPORT NEWS,311040101
2501,WARWICK,CITY OF NEWPORT NEWS,311040114
327,25TH,CITY OF NEWPORT NEWS,311040116
323,25TH,CITY OF NEWPORT NEWS,301040414
317,25TH,CITY OF NEWPORT NEWS,311040120
300,25TH,CITY OF NEWPORT NEWS,301040436
240,24TH,CITY OF NEWPORT NEWS,311040301
2307,HUNTINGTON,CITY OF NEWPORT NEWS,311040302
300,23RD,CITY OF NEWPORT NEWS,311040502
2601,WEST,NEWPORT NEWS PARKING AUTHORITY,311050215
2350,TERMINAL,N N R & H A,312010163
610,26TH,CITY OF NEWPORT NEWS,312010204
651,25TH,N N R & H A,312010226
621,25TH,N N R & H A,312010236
617,25TH,N N R & H A,312010238
2502,JEFFERSON,N N R & H A,312010245
2500,JEFFERSON,N N R & H A,111000110
600,25TH,CITY OF NEWPORT NEWS,312010247
615,25TH,N N R & H A,312010258
613,25TH,N N R & H A,312010260
2506,JEFFERSON,N N R & H A,312010262
630,26TH,N N R & H A,312010266
2211,MARSHALL,CITY OF NEWPORT NEWS,312020118
2003,MARSHALL,CITY OF NEWPORT NEWS,312020435
2001,MARSHALL,CITY OF NEWPORT NEWS,312020436
2200,TERMINAL,CITY OF NEWPORT NEWS,312030101
520,21ST,N N R & H A,312030108
2001,JEFFERSON,CITY OF NEWPORT NEWS,172000102
2300,TERMINAL,N N R & H A,312030146
624,HAMPTON,N N R & H A,312030202
622,HAMPTON,N N R & H A,312030203
620,HAMPTON,N N R & H A,312030204
618,HAMPTON,N N R & H A,312030205
610,HAMPTON,N N R & H A,312030206
2104,JEFFERSON,N N R & H A,312030211
2018,JEFFERSON,N N R & H A,312030219
2016,JEFFERSON,N N R & H A,312030220
2014,JEFFERSON,N N R & H A,312030221
744,21ST,N N R & H A,312040322
729,20TH,CITY OF NEWPORT NEWS,312040338
2000,MADISON,N N R & H A,312040348
726,20TH,N N R & H A,312040413
746,20TH,CITY OF NEWPORT NEWS,312040423
1400,16TH,CITY OF NEWPORT NEWS,314000203
232,23RD,CITY OF NEWPORT NEWS,315000108
236,23RD,N N R & H A,315000109
238,23RD,CITY OF NEWPORT NEWS,315000110
2295,HARBOR,CITY OF NEWPORT NEWS,315000119
304,23RD,CITY OF NEWPORT NEWS,315000121
2591,WEST,ECONOMIC DEVELOPMENT AUTHORITY OF,315010102
2501,WEST,CITY OF NEWPORT NEWS,315010103
11,25TH,CITY OF NEWPORT NEWS,301040420
50,26TH,CITY OF NEWPORT NEWS,307020122
98,23RD,CITY OF NEWPORT NEWS,315010208
2400,WASHINGTON,CITY OF NEWPORT NEWS,315010302
1511,HARBOR,N N R & H A,316000113
548,14TH,CITY OF NEWPORT NEWS,316000131
531,13TH,CITY OF NEWPORT NEWS,316000156
600,RIDLEY,N N R & H A,316000241
1612,MADISON,CITY OF NEWPORT NEWS,316000302
1610,MADISON,CITY OF NEWPORT NEWS,316000303
711,16TH,CITY OF NEWPORT NEWS,316000334
726,16TH,CITY OF NEWPORT NEWS SCHOOL BOARD,317000101
1202,IVY,CITY OF NEWPORT NEWS,317000615
1200,IVY,CITY OF NEWPORT NEWS,317000616
912,IVY,N N R & H A,317000635
910,IVY,N N R & H A,317000636
908,IVY,N N R & H A,317000637
652,IVY,CITY OF NEWPORT NEWS,317000640
811,TAYLOR,N N R & H A,317000651
1100,IVY,CITY OF NEWPORT NEWS,317000656
750,14TH,CITY OF NEWPORT NEWS,317000657
963,IVY,CITY OF NEWPORT NEWS,317000702
701,JEFFERSON,CITY OF NEWPORT NEWS,293000809
500,12TH,CITY OF NEWPORT NEWS,319000102
600,JEFFERSON,CITY OF NEWPORT NEWS,110000201
515,IVY,ECONOMIC DEVELOPMENT AUTHORITY,320000226
643,NELMS,CITY OF NEWPORT NEWS,320000227
511,IVY,CITY OF NEWPORT NEWS,320000229
660,NELMS,CITY OF NEWPORT NEWS,320000259
644,NELMS,CITY OF NEWPORT NEWS,320000260
642,NELMS,CITY OF NEWPORT NEWS,320000261
99,JEFFERSON,CITY OF NEWPORT NEWS,161000115
